26,128,4246,4246,四室两厅,10,卫生间,12,12,17,1,zigbee mini 网关,zigbee mini,连接所有设备,http://www.orvibo.com/upload/product/product_1479284661269.png,80,80,网关,91200000000000.00 
27,128,4246,4246,四室一厅,9,书房,15,12,15,1,小红开关,red,小红开关很可爱,http://www.orvibo.com/upload/product/product_1479176417614.png,50,50,开关,91200000000000.00 
28,128,2987,2987,二室两厅,8,入户厅,15,12,15,4,小黑开关,red,小红开关很可爱,http://www.orvibo.com/upload/product/product_1479176417614.png,50,200,开关,91200000000000.00 
29,133,3117,3117,三室一厅,8,入户厅,13,12,16,5,s30,s30,s30插座,http://www.orvibo.com/upload/product/product_1479284661269.png,30,150,开关,s3030303003030
30,128,3037,3037,三室一厅,7,厨房,15,12,15,1,小红开关,red,小红开关很可爱,http://www.orvibo.com/upload/product/product_1479176417614.png,50,50,开关,91200000000000.00 
31,128,3057,3057,三室一厅,7,厨房,13,12,16,1,s30,s30,s30插座,http://www.orvibo.com/upload/product/product_1479284661269.png,30,30,开关,s3030303003030
32,128,3527,3527,三室一厅,7,厨房,13,12,12,1,coco开关,iso-8859-2,coco开关是一个质量过硬的开关,http://admin_test.orvibo.com:80/upload/adminProduct/adminProduct_1490248836930.jpg,99,99,开关,9.12.02000041
33,134,1758,1758,两室一厅,6,餐厅,15,12,15,1,小红开关,red,小红开关很可爱,http://www.orvibo.com/upload/product/product_1479176417614.png,50,50,开关,91200000000000.00 
34,135,5652,5652,四室两厅,6,餐厅,13,12,16,1,s30,s30,s30插座,http://www.orvibo.com/upload/product/product_1479284661269.png,30,30,开关,s3030303003030
35,128,9945,9945,四室两厅,5,卧室,15,12,15,1,小红开关,red,小红开关很可爱,http://www.orvibo.com/upload/product/product_1479176417614.png,50,50,开关,91200000000000.00 
36,136,4136,4136,四室两厅,5,卧室,13,12,12,1,coco开关,iso-8859-2,coco开关是一个质量过硬的开关,http://admin_test.orvibo.com:80/upload/adminProduct/adminProduct_1490248836930.jpg,99,99,开关,9.12.02000041
37,128,3037,3037,三室一厅,5,卧室,12,12,11,1,coco插线板,iso-8859-1,coco插线板是一个好的插线板,http://admin_test.orvibo.com:80/upload/adminProduct/adminProduct_1490178891084.png,1000,1000,开关,9.12.02000040
38,128,3037,3037,三室一厅,4,主卧,13,12,12,1,coco开关,iso-8859-2,coco开关是一个质量过硬的开关,http://admin_test.orvibo.com:80/upload/adminProduct/adminProduct_1490248836930.jpg,99,99,开关,9.12.02000041
39,128,1987,1987,三室一厅,10,卫生间,12,12,17,1,zigbee mini 网关,zigbee mini,连接所有设备,http://www.orvibo.com/upload/product/product_1479284661269.png,80,80,网关,91200000000000.00 
40,128,4246,4246,四室两厅,9,书房,15,12,15,1,小红开关,red,小红开关很可爱,http://www.orvibo.com/upload/product/product_1479176417614.png,50,50,开关,91200000000000.00 
41,128,4246,4246,四室两厅,8,入户厅,15,12,15,4,小红开关,red,小红开关很可爱,http://www.orvibo.com/upload/product/product_1479176417614.png,50,200,开关,91200000000000.00 
42,128,2987,2987,四室两厅,8,入户厅,13,12,16,5,s30,s30,s30插座,http://www.orvibo.com/upload/product/product_1479284661269.png,30,150,开关,s3030303003030
43,133,3117,3117,三室一厅,7,厨房,15,12,15,1,小红开关,red,小红开关很可爱,http://www.orvibo.com/upload/product/product_1479176417614.png,50,50,开关,91200000000000.00 
44,128,3037,3037,三室一厅,7,厨房,13,12,16,1,s30,s30,s30插座,http://www.orvibo.com/upload/product/product_1479284661269.png,30,30,开关,s3030303003030
45,128,3057,3057,三室一厅,7,厨房,13,12,12,1,coco开关,iso-8859-2,coco开关是一个质量过硬的开关,http://admin_test.orvibo.com:80/upload/adminProduct/adminProduct_1490248836930.jpg,99,99,开关,9.12.02000041
46,128,3527,3527,三室一厅,6,餐厅,15,12,15,1,小红开关,red,小红开关很可爱,http://www.orvibo.com/upload/product/product_1479176417614.png,50,50,开关,91200000000000.00 
47,134,1758,1758,两室一厅,6,餐厅,13,12,16,1,s30,s30,s30插座,http://www.orvibo.com/upload/product/product_1479284661269.png,30,30,开关,s3030303003030
48,135,5652,5652,四室两厅,5,卧室,15,12,15,1,小红开关,red,小红开关很可爱,http://www.orvibo.com/upload/product/product_1479176417614.png,50,50,开关,91200000000000.00 
49,128,9945,9945,四室两厅,5,卧室,13,12,12,1,coco开关,iso-8859-2,coco开关是一个质量过硬的开关,http://admin_test.orvibo.com:80/upload/adminProduct/adminProduct_1490248836930.jpg,99,99,开关,9.12.02000041
50,136,4136,4136,四室两厅,5,卧室,12,12,11,1,coco插线板,iso-8859-1,coco插线板是一个好的插线板,http://admin_test.orvibo.com:80/upload/adminProduct/adminProduct_1490178891084.png,1000,1000,开关,9.12.02000040
51,128,3037,3037,三室一厅,4,主卧,15,12,15,1,小红开关,red,小红开关很可爱,http://www.orvibo.com/upload/product/product_1479176417614.png,50,50,开关,91200000000000.00 
52,128,3037,3037,三室一厅,4,主卧,13,12,12,1,coco开关,iso-8859-2,coco开关是一个质量过硬的开关,http://admin_test.orvibo.com:80/upload/adminProduct/adminProduct_1490248836930.jpg,99,99,开关,9.12.02000041
53,128,1987,1987,三室一厅,4,主卧,12,12,11,1,coco插线板,iso-8859-1,coco插线板是一个好的插线板,http://admin_test.orvibo.com:80/upload/adminProduct/adminProduct_1490178891084.png,1000,1000,开关,9.12.02000040
54,128,4246,4246,四室两厅,10,卫生间,12,12,17,1,zigbee mini 网关,zigbee mini,连接所有设备,http://www.orvibo.com/upload/product/product_1479284661269.png,80,80,网关,91200000000000.00 
55,128,4246,4246,四室两厅,9,书房,15,12,15,1,小红开关,red,小红开关很可爱,http://www.orvibo.com/upload/product/product_1479176417614.png,50,50,开关,91200000000000.00 
56,128,2987,2987,四室两厅,8,入户厅,15,12,15,4,小红开关,red,小红开关很可爱,http://www.orvibo.com/upload/product/product_1479176417614.png,50,200,开关,91200000000000.00 
57,133,3117,3117,三室一厅,8,入户厅,13,12,16,5,s30,s30,s30插座,http://www.orvibo.com/upload/product/product_1479284661269.png,30,150,开关,s3030303003030
58,128,3037,3037,三室一厅,7,厨房,15,12,15,1,小红开关,red,小红开关很可爱,http://www.orvibo.com/upload/product/product_1479176417614.png,50,50,开关,91200000000000.00 
59,128,3057,3057,三室一厅,7,厨房,13,12,16,1,s30,s30,s30插座,http://www.orvibo.com/upload/product/product_1479284661269.png,30,30,开关,s3030303003030
60,128,3527,3527,三室一厅,7,厨房,13,12,12,1,coco开关,iso-8859-2,coco开关是一个质量过硬的开关,http://admin_test.orvibo.com:80/upload/adminProduct/adminProduct_1490248836930.jpg,99,99,开关,9.12.02000041
61,134,1758,1758,两室一厅,6,餐厅,15,12,15,1,小红开关,red,小红开关很可爱,http://www.orvibo.com/upload/product/product_1479176417614.png,50,50,开关,91200000000000.00 
62,135,5652,5652,四室两厅,6,餐厅,13,12,16,1,s30,s30,s30插座,http://www.orvibo.com/upload/product/product_1479284661269.png,30,30,开关,s3030303003030
63,128,9945,9945,四室两厅,5,卧室,15,12,15,1,小红开关,red,小红开关很可爱,http://www.orvibo.com/upload/product/product_1479176417614.png,50,50,开关,91200000000000.00 
64,136,4136,4136,四室两厅,5,卧室,13,12,12,1,coco开关,iso-8859-2,coco开关是一个质量过硬的开关,http://admin_test.orvibo.com:80/upload/adminProduct/adminProduct_1490248836930.jpg,99,99,开关,9.12.02000041
65,128,3037,3037,三室一厅,5,卧室,12,12,11,1,coco插线板,iso-8859-1,coco插线板是一个好的插线板,http://admin_test.orvibo.com:80/upload/adminProduct/adminProduct_1490178891084.png,1000,1000,开关,9.12.02000040
66,128,3037,3037,三室一厅,4,主卧,15,12,15,1,小红开关,red,小红开关很可爱,http://www.orvibo.com/upload/product/product_1479176417614.png,50,50,开关,91200000000000.00 
67,128,1987,1987,三室一厅,4,主卧,13,12,12,1,coco开关,iso-8859-2,coco开关是一个质量过硬的开关,http://admin_test.orvibo.com:80/upload/adminProduct/adminProduct_1490248836930.jpg,99,99,开关,9.12.02000041
68,128,4246,4246,四室两厅,4,主卧,12,12,11,1,coco插线板,iso-8859-1,coco插线板是一个好的插线板,http://admin_test.orvibo.com:80/upload/adminProduct/adminProduct_1490178891084.png,1000,1000,开关,9.12.02000040
69,128,4246,4246,四室两厅,10,卫生间,12,12,17,1,zigbee mini 网关,zigbee mini,连接所有设备,http://www.orvibo.com/upload/product/product_1479284661269.png,80,80,网关,91200000000000.00 
70,128,2987,2987,四室两厅,8,入户厅,15,12,15,4,小红开关,red,小红开关很可爱,http://www.orvibo.com/upload/product/product_1479176417614.png,50,200,开关,91200000000000.00 
71,133,3117,3117,三室一厅,8,入户厅,13,12,16,5,s30,s30,s30插座,http://www.orvibo.com/upload/product/product_1479284661269.png,30,150,开关,s3030303003030
72,128,3037,3037,三室一厅,7,厨房,15,12,15,1,小红开关,red,小红开关很可爱,http://www.orvibo.com/upload/product/product_1479176417614.png,50,50,开关,91200000000000.00 
73,128,3057,3057,三室一厅,7,厨房,13,12,16,1,s30,s30,s30插座,http://www.orvibo.com/upload/product/product_1479284661269.png,30,30,开关,s3030303003030
74,128,3527,3527,三室一厅,7,厨房,13,12,12,1,coco开关,iso-8859-2,coco开关是一个质量过硬的开关,http://admin_test.orvibo.com:80/upload/adminProduct/adminProduct_1490248836930.jpg,99,99,开关,9.12.02000041
75,134,1758,1758,两室一厅,6,餐厅,15,12,15,1,小红开关,red,小红开关很可爱,http://www.orvibo.com/upload/product/product_1479176417614.png,50,50,开关,91200000000000.00 
76,135,5652,5652,四室两厅,6,餐厅,13,12,16,1,s30,s30,s30插座,http://www.orvibo.com/upload/product/product_1479284661269.png,30,30,开关,s3030303003030
77,128,9945,9945,四室两厅,5,卧室,15,12,15,1,小红开关,red,小红开关很可爱,http://www.orvibo.com/upload/product/product_1479176417614.png,50,50,开关,91200000000000.00 
78,136,4136,4136,四室两厅,5,卧室,13,12,12,1,coco开关,iso-8859-2,coco开关是一个质量过硬的开关,http://admin_test.orvibo.com:80/upload/adminProduct/adminProduct_1490248836930.jpg,99,99,开关,9.12.02000041
79,128,3037,3037,三室一厅,5,卧室,12,12,11,1,coco插线板,iso-8859-1,coco插线板是一个好的插线板,http://admin_test.orvibo.com:80/upload/adminProduct/adminProduct_1490178891084.png,1000,1000,开关,9.12.02000040
80,128,3037,3037,三室一厅,5,卧室,15,12,15,1,小红开关,red,小红开关很可爱,http://www.orvibo.com/upload/product/product_1479176417614.png,50,50,开关,91200000000000.00 
81,128,1987,1987,三室一厅,5,卧室,13,12,12,1,coco开关,iso-8859-2,coco开关是一个质量过硬的开关,http://admin_test.orvibo.com:80/upload/adminProduct/adminProduct_1490248836930.jpg,99,99,开关,9.12.02000041
82,128,4246,4246,四室两厅,5,卧室,12,12,11,1,coco插线板,iso-8859-1,coco插线板是一个好的插线板,http://admin_test.orvibo.com:80/upload/adminProduct/adminProduct_1490178891084.png,1000,1000,开关,9.12.02000040
83,128,4246,4246,四室两厅,5,卧室,15,12,15,1,小红开关,red,小红开关很可爱,http://www.orvibo.com/upload/product/product_1479176417614.png,50,50,开关,91200000000000.00 
84,128,2987,2987,四室两厅,5,卧室,13,12,12,1,coco开关,iso-8859-2,coco开关是一个质量过硬的开关,http://admin_test.orvibo.com:80/upload/adminProduct/adminProduct_1490248836930.jpg,99,99,开关,9.12.02000041
85,133,3117,3117,三室一厅,5,卧室,12,12,11,1,coco插线板,iso-8859-1,coco插线板是一个好的插线板,http://admin_test.orvibo.com:80/upload/adminProduct/adminProduct_1490178891084.png,1000,1000,开关,9.12.02000040
86,128,3037,3037,三室一厅,6,餐厅,15,12,15,1,小红开关,red,小红开关很可爱,http://www.orvibo.com/upload/product/product_1479176417614.png,50,50,开关,91200000000000.00 
87,128,3057,3057,三室一厅,6,餐厅,12,10,11,1,coco插线板,iso-8859-1,coco插线板是一个好的插线板,http://admin_test.orvibo.com:80/upload/adminProduct/adminProduct_1490178891084.png,1000,1000,开关,9.12.02000040
88,128,3527,3527,三室一厅,8,入户厅,15,12,15,4,小红开关,red,小红开关很可爱,http://www.orvibo.com/upload/product/product_1479176417614.png,50,200,开关,91200000000000.00 
89,134,1758,1758,两室一厅,8,入户厅,13,10,12,7,coco开关,iso-8859-2,coco开关是一个质量过硬的开关,http://admin_test.orvibo.com:80/upload/adminProduct/adminProduct_1490248836930.jpg,99,693,开关,9.12.02000041
90,135,5652,5652,四室两厅,8,入户厅,15,12,15,4,小红开关,red,小红开关很可爱,http://www.orvibo.com/upload/product/product_1479176417614.png,50,200,开关,91200000000000.00 
91,128,9945,9945,四室两厅,8,入户厅,13,10,12,7,coco开关,iso-8859-2,coco开关是一个质量过硬的开关,http://admin_test.orvibo.com:80/upload/adminProduct/adminProduct_1490248836930.jpg,99,693,开关,9.12.02000041
92,136,4136,4136,四室两厅,7,厨房,15,12,15,1,小红开关,red,小红开关很可爱,http://www.orvibo.com/upload/product/product_1479176417614.png,50,50,开关,91200000000000.00 
93,128,3037,3037,三室一厅,6,餐厅,15,12,15,1,小红开关,red,小红开关很可爱,http://www.orvibo.com/upload/product/product_1479176417614.png,50,50,开关,91200000000000.00 
94,128,3037,3037,三室一厅,6,餐厅,12,10,11,1,coco插线板,iso-8859-1,coco插线板是一个好的插线板,http://admin_test.orvibo.com:80/upload/adminProduct/adminProduct_1490178891084.png,1000,1000,开关,9.12.02000040
95,128,1987,1987,三室一厅,5,卧室,15,12,15,1,小红开关,red,小红开关很可爱,http://www.orvibo.com/upload/product/product_1479176417614.png,50,50,开关,91200000000000.00 
96,128,4246,4246,四室两厅,5,卧室,13,10,16,3,s30,s30,s30插座,http://www.orvibo.com/upload/product/product_1479284661269.png,30,90,开关,s3030303003030
97,128,4246,4246,四室两厅,5,卧室,13,10,12,3,coco开关,iso-8859-2,coco开关是一个质量过硬的开关,http://admin_test.orvibo.com:80/upload/adminProduct/adminProduct_1490248836930.jpg,99,297,开关,9.12.02000041
98,128,2987,2987,四室两厅,5,卧室,12,10,17,3,zigbee mini 网关,zigbee mini,连接所有设备,http://www.orvibo.com/upload/product/product_1479284661269.png,80,240,网关,91200000000000.00 
99,133,3117,3117,三室一厅,5,卧室,12,10,11,2,coco插线板,iso-8859-1,coco插线板是一个好的插线板,http://admin_test.orvibo.com:80/upload/adminProduct/adminProduct_1490178891084.png,1000,2000,开关,9.12.02000040
100,128,3037,3037,三室一厅,5,卧室,15,12,15,1,小红开关,red,小红开关很可爱,http://www.orvibo.com/upload/product/product_1479176417614.png,50,50,开关,91200000000000.00 
101,128,3057,3057,三室一厅,5,卧室,13,10,16,3,s30,s30,s30插座,http://www.orvibo.com/upload/product/product_1479284661269.png,30,90,开关,s3030303003030
102,128,3527,3527,三室一厅,5,卧室,13,10,12,3,coco开关,iso-8859-2,coco开关是一个质量过硬的开关,http://admin_test.orvibo.com:80/upload/adminProduct/adminProduct_1490248836930.jpg,99,297,开关,9.12.02000041
103,134,1758,1758,两室一厅,5,卧室,12,10,17,3,zigbee mini 网关,zigbee mini,连接所有设备,http://www.orvibo.com/upload/product/product_1479284661269.png,80,240,网关,91200000000000.00 
104,135,5652,5652,四室两厅,5,卧室,12,10,11,2,coco插线板,iso-8859-1,coco插线板是一个好的插线板,http://admin_test.orvibo.com:80/upload/adminProduct/adminProduct_1490178891084.png,1000,2000,开关,9.12.02000040
105,128,9945,9945,四室两厅,5,卧室1123,12,0,17,1,zigbee mini 网关,zigbee mini,coco插线板是一个好的插线板,http://www.orvibo.com/upload/product/product_1479284661269.png,80,80,网关,9.12.02000040
106,136,4136,4136,四室两厅,5,卧室1123,15,0,15,1,小红开关,red,coco插线板是一个好的插线板,http://www.orvibo.com/upload/product/product_1479176417614.png,50,50,开关,9.12.02000040
107,128,3037,3037,三室一厅,5,卧室1123,13,0,16,1,s30,s30,coco插线板是一个好的插线板,http://www.orvibo.com/upload/product/product_1479284661269.png,30,30,开关,9.12.02000040
108,128,3037,3037,三室一厅,5,卧室1123,13,0,12,5,coco开关,iso-8859-2,coco插线板是一个好的插线板,http://admin_test.orvibo.com:80/upload/adminProduct/adminProduct_1490248836930.jpg,99,495,开关,9.12.02000040
109,128,1987,1987,三室一厅,10,卫生间,12,12,17,1,zigbee mini 网关,zigbee mini,连接所有设备,http://www.orvibo.com/upload/product/product_1479284661269.png,80,80,网关,91200000000000.00 
110,128,4246,4246,四室两厅,8,入户厅,15,12,15,4,小红开关,red,小红开关很可爱,http://www.orvibo.com/upload/product/product_1479176417614.png,50,200,开关,91200000000000.00 
111,128,4246,4246,四室两厅,8,入户厅,13,12,16,5,s30,s30,s30插座,http://www.orvibo.com/upload/product/product_1479284661269.png,30,150,开关,s3030303003030
112,128,2987,2987,四室两厅,7,厨房,15,12,15,1,小红开关,red,小红开关很可爱,http://www.orvibo.com/upload/product/product_1479176417614.png,50,50,开关,91200000000000.00 
113,133,3117,3117,三室一厅,7,厨房,13,12,16,1,s30,s30,s30插座,http://www.orvibo.com/upload/product/product_1479284661269.png,30,30,开关,s3030303003030
114,128,3037,3037,三室一厅,7,厨房,13,12,12,5,coco开关,iso-8859-2,coco开关是一个质量过硬的开关,http://admin_test.orvibo.com:80/upload/adminProduct/adminProduct_1490248836930.jpg,99,495,开关,9.12.02000041
115,128,3057,3057,三室一厅,6,餐厅,12,0,17,1,zigbee mini 网关,zigbee mini,coco插线板是一个好的插线板,http://www.orvibo.com/upload/product/product_1479284661269.png,80,80,网关,9.12.02000041
116,128,3527,3527,三室一厅,6,餐厅,12,0,11,1,coco插线板,iso-8859-1,coco插线板是一个好的插线板,http://admin_test.orvibo.com:80/upload/adminProduct/adminProduct_1490178891084.png,1000,1000,开关,9.12.02000041
117,134,1758,1758,两室一厅,6,餐厅,13,12,16,4,s30,s30,s30插座,http://www.orvibo.com/upload/product/product_1479284661269.png,30,120,开关,s3030303003030
118,135,5652,5652,四室两厅,5,卧室,15,12,15,1,小红开关,red,小红开关很可爱,http://www.orvibo.com/upload/product/product_1479176417614.png,50,50,开关,91200000000000.00 
119,128,9945,9945,四室两厅,5,卧室,13,12,12,1,coco开关,iso-8859-2,coco开关是一个质量过硬的开关,http://admin_test.orvibo.com:80/upload/adminProduct/adminProduct_1490248836930.jpg,99,99,开关,9.12.02000041
120,136,4136,4136,四室两厅,5,卧室,12,12,11,1,coco插线板,iso-8859-1,coco插线板是一个好的插线板,http://admin_test.orvibo.com:80/upload/adminProduct/adminProduct_1490178891084.png,1000,1000,开关,9.12.02000040
121,128,3037,3037,三室一厅,5,卧室ssss,15,12,15,1,小红开关,red,小红开关很可爱,http://www.orvibo.com/upload/product/product_1479176417614.png,50,50,开关,91200000000000.00 
122,128,3037,3037,三室一厅,5,卧室ssss,13,12,12,1,coco开关,iso-8859-2,coco开关是一个质量过硬的开关,http://admin_test.orvibo.com:80/upload/adminProduct/adminProduct_1490248836930.jpg,99,99,开关,9.12.02000041
123,128,1987,1987,三室一厅,5,卧室ssss,12,12,11,1,coco插线板,iso-8859-1,coco插线板是一个好的插线板,http://admin_test.orvibo.com:80/upload/adminProduct/adminProduct_1490178891084.png,1000,1000,开关,9.12.02000040
124,128,4246,4246,四室两厅,5,卧室aa,15,12,15,1,小红开关,red,小红开关很可爱,http://www.orvibo.com/upload/product/product_1479176417614.png,50,50,开关,91200000000000.00 
125,128,4246,4246,四室两厅,5,卧室aa,13,12,12,1,coco开关,iso-8859-2,coco开关是一个质量过硬的开关,http://admin_test.orvibo.com:80/upload/adminProduct/adminProduct_1490248836930.jpg,99,99,开关,9.12.02000041
126,128,2987,2987,四室两厅,5,卧室aa,12,12,11,1,coco插线板,iso-8859-1,coco插线板是一个好的插线板,http://admin_test.orvibo.com:80/upload/adminProduct/adminProduct_1490178891084.png,1000,1000,开关,9.12.02000040
127,133,3117,3117,三室一厅,8,入户厅,15,12,15,4,小红开关,red,小红开关很可爱,http://www.orvibo.com/upload/product/product_1479176417614.png,50,200,开关,91200000000000.00 
128,128,3037,3037,三室一厅,8,入户厅,13,12,16,5,s30,s30,s30插座,http://www.orvibo.com/upload/product/product_1479284661269.png,30,150,开关,s3030303003030
129,128,3057,3057,三室一厅,7,厨房,15,12,15,1,小红开关,red,小红开关很可爱,http://www.orvibo.com/upload/product/product_1479176417614.png,50,50,开关,91200000000000.00 
130,128,3527,3527,三室一厅,7,厨房,13,12,16,1,s30,s30,s30插座,http://www.orvibo.com/upload/product/product_1479284661269.png,30,30,开关,s3030303003030
131,134,1758,1758,两室一厅,7,厨房,13,12,12,1,coco开关,iso-8859-2,coco开关是一个质量过硬的开关,http://admin_test.orvibo.com:80/upload/adminProduct/adminProduct_1490248836930.jpg,99,99,开关,9.12.02000041
132,135,5652,5652,四室两厅,6,餐厅dfs,15,12,15,1,小红开关,red,小红开关很可爱,http://www.orvibo.com/upload/product/product_1479176417614.png,50,50,开关,91200000000000.00 
133,128,9945,9945,四室两厅,6,餐厅dfs,13,12,16,1,s30,s30,s30插座,http://www.orvibo.com/upload/product/product_1479284661269.png,30,30,开关,s3030303003030
134,136,4136,4136,四室两厅,5,卧室dffsd,15,12,15,1,小红开关,red,小红开关很可爱,http://www.orvibo.com/upload/product/product_1479176417614.png,50,50,开关,91200000000000.00 
135,128,3037,3037,三室一厅,5,卧室dffsd,13,12,12,1,coco开关,iso-8859-2,coco开关是一个质量过硬的开关,http://admin_test.orvibo.com:80/upload/adminProduct/adminProduct_1490248836930.jpg,99,99,开关,9.12.02000041
136,128,3037,3037,三室一厅,5,卧室dffsd,12,12,11,1,coco插线板,iso-8859-1,coco插线板是一个好的插线板,http://admin_test.orvibo.com:80/upload/adminProduct/adminProduct_1490178891084.png,1000,1000,开关,9.12.02000040
137,128,1987,1987,三室一厅,10,卫生间,12,12,17,1,zigbee mini 网关,zigbee mini,连接所有设备,http://www.orvibo.com/upload/product/product_1479284661269.png,80,80,网关,91200000000000.00 
138,128,1987,1987,三室一厅,10,卫生间,12,12,17,1,zigbee mini 网关,zigbee mini,连接所有设备,http://www.orvibo.com/upload/product/product_1479284661269.png,80,80,网关,91200000000000.00 
139,128,4246,4246,四室两厅,9,书房,15,12,15,1,小红开关,red,小红开关很可爱,http://www.orvibo.com/upload/product/product_1479176417614.png,50,50,开关,91200000000000.00 
140,128,4246,4246,四室两厅,8,入户厅,15,12,15,4,小红开关,red,小红开关很可爱,http://www.orvibo.com/upload/product/product_1479176417614.png,50,200,开关,91200000000000.00 
141,128,2987,2987,四室两厅,8,入户厅,13,12,16,5,s30,s30,s30插座,http://www.orvibo.com/upload/product/product_1479284661269.png,30,150,开关,s3030303003030
142,133,3117,3117,三室一厅,7,厨房,15,12,15,1,小红开关,red,小红开关很可爱,http://www.orvibo.com/upload/product/product_1479176417614.png,50,50,开关,91200000000000.00 
143,128,3037,3037,三室一厅,7,厨房,13,12,16,1,s30,s30,s30插座,http://www.orvibo.com/upload/product/product_1479284661269.png,30,30,开关,s3030303003030
144,128,3057,3057,三室一厅,7,厨房,13,12,12,1,coco开关,iso-8859-2,coco开关是一个质量过硬的开关,http://admin_test.orvibo.com:80/upload/adminProduct/adminProduct_1490248836930.jpg,99,99,开关,9.12.02000041
145,128,3527,3527,三室一厅,6,餐厅,15,12,15,1,小红开关,red,小红开关很可爱,http://www.orvibo.com/upload/product/product_1479176417614.png,50,50,开关,91200000000000.00 
146,134,1758,1758,两室一厅,6,餐厅,13,12,16,1,s30,s30,s30插座,http://www.orvibo.com/upload/product/product_1479284661269.png,30,30,开关,s3030303003030
147,135,5652,5652,四室两厅,5,卧室,15,12,15,1,小红开关,red,小红开关很可爱,http://www.orvibo.com/upload/product/product_1479176417614.png,50,50,开关,91200000000000.00 
148,128,9945,9945,四室两厅,5,卧室,13,12,12,1,coco开关,iso-8859-2,coco开关是一个质量过硬的开关,http://admin_test.orvibo.com:80/upload/adminProduct/adminProduct_1490248836930.jpg,99,99,开关,9.12.02000041
149,136,4136,4136,四室两厅,5,卧室,12,12,11,1,coco插线板,iso-8859-1,coco插线板是一个好的插线板,http://admin_test.orvibo.com:80/upload/adminProduct/adminProduct_1490178891084.png,1000,1000,开关,9.12.02000040
150,128,3037,3037,三室一厅,4,主卧,13,0,16,1,s30,s30,s30插座,http://www.orvibo.com/upload/product/product_1479284661269.png,30,30,开关,9.12.02000041
151,128,3037,3037,三室一厅,4,主卧,13,0,12,1,coco开关,iso-8859-2,coco插线板是一个好的插线板,http://admin_test.orvibo.com:80/upload/adminProduct/adminProduct_1490248836930.jpg,99,99,开关,9.12.02000041
152,128,1987,1987,三室一厅,4,主卧,12,0,17,1,zigbee mini 网关,zigbee mini,zigbee min,http://www.orvibo.com/upload/product/product_1479284661269.png,80,80,网关,9.12.02000041
153,128,4246,4246,四室两厅,4,主卧,12,0,11,1,coco插线板,iso-8859-1,coco插线板是一个好的插线板,http://admin_test.orvibo.com:80/upload/adminProduct/adminProduct_1490178891084.png,1000,1000,开关,9.12.02000041
154,128,4246,4246,四室两厅,4,主卧,15,12,15,7,小红开关,red,小红开关很可爱,http://www.orvibo.com/upload/product/product_1479176417614.png,50,350,开关,91200000000000.00 
155,128,2987,2987,四室两厅,10,卫生间,12,12,17,1,zigbee mini 网关,zigbee mini,连接所有设备,http://www.orvibo.com/upload/product/product_1479284661269.png,80,80,网关,91200000000000.00 
156,133,3117,3117,三室一厅,9,书房,15,12,15,1,小红开关,red,小红开关很可爱,http://www.orvibo.com/upload/product/product_1479176417614.png,50,50,开关,91200000000000.00 
157,128,3037,3037,三室一厅,8,入户厅,15,12,15,4,小红开关,red,小红开关很可爱,http://www.orvibo.com/upload/product/product_1479176417614.png,50,200,开关,91200000000000.00 
158,128,3057,3057,三室一厅,8,入户厅,13,12,16,5,s30,s30,s30插座,http://www.orvibo.com/upload/product/product_1479284661269.png,30,150,开关,s3030303003030
159,128,3527,3527,三室一厅,7,厨房,15,12,15,2,小红开关,red,小红开关很可爱,http://www.orvibo.com/upload/product/product_1479176417614.png,50,100,开关,91200000000000.00 
160,134,1758,1758,两室一厅,7,厨房,13,12,12,1,coco开关,iso-8859-2,coco开关是一个质量过硬的开关,http://admin_test.orvibo.com:80/upload/adminProduct/adminProduct_1490248836930.jpg,99,99,开关,9.12.02000041
161,135,5652,5652,四室两厅,6,餐厅,15,12,15,1,小红开关,red,小红开关很可爱,http://www.orvibo.com/upload/product/product_1479176417614.png,50,50,开关,91200000000000.00 
162,128,9945,9945,四室两厅,6,餐厅,13,12,16,1,s30,s30,s30插座,http://www.orvibo.com/upload/product/product_1479284661269.png,30,30,开关,s3030303003030
163,136,4136,4136,四室两厅,5,卧室,15,12,15,1,小红开关,red,小红开关很可爱,http://www.orvibo.com/upload/product/product_1479176417614.png,50,50,开关,91200000000000.00 
164,128,3037,3037,三室一厅,5,卧室,13,12,12,1,coco开关,iso-8859-2,coco开关是一个质量过硬的开关,http://admin_test.orvibo.com:80/upload/adminProduct/adminProduct_1490248836930.jpg,99,99,开关,9.12.02000041
165,128,3037,3037,三室一厅,5,卧室,12,12,11,1,coco插线板,iso-8859-1,coco插线板是一个好的插线板,http://admin_test.orvibo.com:80/upload/adminProduct/adminProduct_1490178891084.png,1000,1000,开关,9.12.02000040
166,128,1987,1987,三室一厅,4,主卧,15,12,15,1,小红开关,red,小红开关很可爱,http://www.orvibo.com/upload/product/product_1479176417614.png,50,50,开关,91200000000000.00 
167,128,4246,4246,四室两厅,4,主卧,13,12,12,1,coco开关,iso-8859-2,coco开关是一个质量过硬的开关,http://admin_test.orvibo.com:80/upload/adminProduct/adminProduct_1490248836930.jpg,99,99,开关,9.12.02000041
168,128,4246,4246,四室两厅,4,主卧,12,12,11,1,coco插线板,iso-8859-1,coco插线板是一个好的插线板,http://admin_test.orvibo.com:80/upload/adminProduct/adminProduct_1490178891084.png,1000,1000,开关,9.12.02000040
169,128,2987,2987,四室两厅,10,卫生间,12,12,17,1,zigbee mini 网关,zigbee mini,连接所有设备,http://www.orvibo.com/upload/product/product_1479284661269.png,80,80,网关,91200000000000.00 
170,133,3117,3117,三室一厅,9,书房,15,12,15,1,小红开关,red,小红开关很可爱,http://www.orvibo.com/upload/product/product_1479176417614.png,50,50,开关,91200000000000.00 
171,128,3037,3037,三室一厅,8,入户厅,15,12,15,4,小红开关,red,小红开关很可爱,http://www.orvibo.com/upload/product/product_1479176417614.png,50,200,开关,91200000000000.00 
172,128,3057,3057,三室一厅,8,入户厅,13,12,16,5,s30,s30,s30插座,http://www.orvibo.com/upload/product/product_1479284661269.png,30,150,开关,s3030303003030
173,128,3527,3527,三室一厅,7,厨房,15,12,15,1,小红开关,red,小红开关很可爱,http://www.orvibo.com/upload/product/product_1479176417614.png,50,50,开关,91200000000000.00 
174,134,1758,1758,两室一厅,7,厨房,13,12,16,1,s30,s30,s30插座,http://www.orvibo.com/upload/product/product_1479284661269.png,30,30,开关,s3030303003030
175,135,5652,5652,四室两厅,7,厨房,13,12,12,1,coco开关,iso-8859-2,coco开关是一个质量过硬的开关,http://admin_test.orvibo.com:80/upload/adminProduct/adminProduct_1490248836930.jpg,99,99,开关,9.12.02000041
176,128,9945,9945,四室两厅,6,餐厅,15,12,15,1,小红开关,red,小红开关很可爱,http://www.orvibo.com/upload/product/product_1479176417614.png,50,50,开关,91200000000000.00 
177,136,4136,4136,四室两厅,6,餐厅,13,12,16,1,s30,s30,s30插座,http://www.orvibo.com/upload/product/product_1479284661269.png,30,30,开关,s3030303003030
178,128,3037,3037,三室一厅,5,卧室,15,12,15,1,小红开关,red,小红开关很可爱,http://www.orvibo.com/upload/product/product_1479176417614.png,50,50,开关,91200000000000.00 
179,128,3037,3037,三室一厅,5,卧室,13,12,12,1,coco开关,iso-8859-2,coco开关是一个质量过硬的开关,http://admin_test.orvibo.com:80/upload/adminProduct/adminProduct_1490248836930.jpg,99,99,开关,9.12.02000041
180,128,1987,1987,三室一厅,5,卧室,12,12,11,1,coco插线板,iso-8859-1,coco插线板是一个好的插线板,http://admin_test.orvibo.com:80/upload/adminProduct/adminProduct_1490178891084.png,1000,1000,开关,9.12.02000040
181,128,4246,4246,四室两厅,4,主卧,15,12,15,1,小红开关,red,小红开关很可爱,http://www.orvibo.com/upload/product/product_1479176417614.png,50,50,开关,91200000000000.00 
182,128,4246,4246,四室两厅,4,主卧,13,12,12,1,coco开关,iso-8859-2,coco开关是一个质量过硬的开关,http://admin_test.orvibo.com:80/upload/adminProduct/adminProduct_1490248836930.jpg,99,99,开关,9.12.02000041
183,128,2987,2987,四室两厅,4,主卧,12,12,11,1,coco插线板,iso-8859-1,coco插线板是一个好的插线板,http://admin_test.orvibo.com:80/upload/adminProduct/adminProduct_1490178891084.png,1000,1000,开关,9.12.02000040
184,133,3117,3117,三室一厅,10,卫生间,12,12,17,1,zigbee mini 网关,zigbee mini,连接所有设备,http://www.orvibo.com/upload/product/product_1479284661269.png,80,80,网关,91200000000000.00 
185,128,3037,3037,三室一厅,8,入户厅,15,12,15,4,小红开关,red,小红开关很可爱,http://www.orvibo.com/upload/product/product_1479176417614.png,50,200,开关,91200000000000.00 
186,128,3057,3057,三室一厅,8,入户厅,13,12,16,5,s30,s30,s30插座,http://www.orvibo.com/upload/product/product_1479284661269.png,30,150,开关,s3030303003030
187,128,3527,3527,三室一厅,7,厨房,15,12,15,1,小红开关,red,小红开关很可爱,http://www.orvibo.com/upload/product/product_1479176417614.png,50,50,开关,91200000000000.00 
188,134,1758,1758,两室一厅,7,厨房,13,12,16,1,s30,s30,s30插座,http://www.orvibo.com/upload/product/product_1479284661269.png,30,30,开关,s3030303003030
189,135,5652,5652,四室两厅,7,厨房,13,12,12,1,coco开关,iso-8859-2,coco开关是一个质量过硬的开关,http://admin_test.orvibo.com:80/upload/adminProduct/adminProduct_1490248836930.jpg,99,99,开关,9.12.02000041
190,128,9945,9945,四室两厅,6,餐厅,15,12,15,1,小红开关,red,小红开关很可爱,http://www.orvibo.com/upload/product/product_1479176417614.png,50,50,开关,91200000000000.00 
191,136,4136,4136,四室两厅,6,餐厅,13,12,16,1,s30,s30,s30插座,http://www.orvibo.com/upload/product/product_1479284661269.png,30,30,开关,s3030303003030
192,128,3037,3037,三室一厅,5,卧室,15,12,15,1,小红开关,red,小红开关很可爱,http://www.orvibo.com/upload/product/product_1479176417614.png,50,50,开关,91200000000000.00 
193,128,3037,3037,三室一厅,5,卧室,13,12,12,1,coco开关,iso-8859-2,coco开关是一个质量过硬的开关,http://admin_test.orvibo.com:80/upload/adminProduct/adminProduct_1490248836930.jpg,99,99,开关,9.12.02000041
194,128,1987,1987,三室一厅,5,卧室,12,12,11,1,coco插线板,iso-8859-1,coco插线板是一个好的插线板,http://admin_test.orvibo.com:80/upload/adminProduct/adminProduct_1490178891084.png,1000,1000,开关,9.12.02000040
195,128,4246,4246,四室两厅,5,卧室,15,12,15,1,小红开关,red,小红开关很可爱,http://www.orvibo.com/upload/product/product_1479176417614.png,50,50,开关,91200000000000.00 
196,128,4246,4246,四室两厅,5,卧室,13,12,12,1,coco开关,iso-8859-2,coco开关是一个质量过硬的开关,http://admin_test.orvibo.com:80/upload/adminProduct/adminProduct_1490248836930.jpg,99,99,开关,9.12.02000041
197,128,2987,2987,四室两厅,5,卧室,12,12,11,1,coco插线板,iso-8859-1,coco插线板是一个好的插线板,http://admin_test.orvibo.com:80/upload/adminProduct/adminProduct_1490178891084.png,1000,1000,开关,9.12.02000040
